[
    {
        "组件": "hardware_control",
        "对应功能": "提供计算资源、存储支持、用户输入接口和系统状态输出功能，支撑软件控制模块的运行",
        "子组件": "",
        "关联关系": [
            "Processor: HeaterCPU",
            "Memory: HeaterRAM",
            "Device: Settings",
            "Device: Temperature",
            "Device: HeaterStatus",
            "Process: Control_Software_Process"
        ]
    },
    {
        "组件": "HeaterCPU",
        "对应功能": "采用高优先级优先调度策略，确保20毫秒调度周期和响应时间，满足实时控制需求",
        "子组件": "",
        "关联关系": []
    },
    {
        "组件": "HeaterRAM",
        "对应功能": "支持高频率数据读写，存储状态变量和控制参数",
        "子组件": "",
        "关联关系": []
    },
    {
        "组件": "Settings",
        "对应功能": "作为用户输入接口，使用整数选择器形式确保输入信号准确、响应及时，并防止输入抖动",
        "子组件": "",
        "关联关系": []
    },
    {
        "组件": "Temperature",
        "对应功能": "实时显示环境温度，具有高刷新频率和清晰显示效果",
        "子组件": "",
        "关联关系": []
    },
    {
        "组件": "HeaterStatus",
        "对应功能": "通过红绿灯模式直观展示加热或制冷状态",
        "子组件": "",
        "关联关系": []
    }
]