[
    {
        "组件": "Control_Software_Process",
        "对应功能": "执行温度调节、加热制冷模拟、环境温度测量和维护功能，实现闭环温度控制",
        "子组件": "Temperature_Regulation_Thread",
        "关联关系": [
            "Processor: HeaterCPU",
            "Memory: HeaterRAM",
            "Device: Settings",
            "Device: Temperature",
            "Device: HeaterStatus"
        ]
    },
    {
        "组件": "Control_Software_Process",
        "对应功能": "执行温度调节、加热制冷模拟、环境温度测量和维护功能，实现闭环温度控制",
        "子组件": "Heating_Cooling_Execution_Thread",
        "关联关系": [
            "Processor: HeaterCPU",
            "Memory: HeaterRAM",
            "Device: HeaterStatus"
        ]
    },
    {
        "组件": "Control_Software_Process",
        "对应功能": "执行温度调节、加热制冷模拟、环境温度测量和维护功能，实现闭环温度控制",
        "子组件": "Ambient_Temperature_Measurement_Thread",
        "关联关系": [
            "Processor: HeaterCPU",
            "Memory: HeaterRAM",
            "Device: Temperature"
        ]
    },
    {
        "组件": "Temperature_Regulation_Thread",
        "对应功能": "周期性执行（周期20毫秒），使用增益调节算法计算设定温度与测量温度的差值乘以固定增益，生成控制命令",
        "子组件": "Temperature_Regulation_Algorithm",
        "关联关系": []
    },
    {
        "组件": "Heating_Cooling_Execution_Thread",
        "对应功能": "周期性执行（周期20毫秒），根据调节命令正负启动加热或制冷动作，模拟温度变化，并更新环境温度状态；同时向HeaterStatus发送运行信号",
        "子组件": "Heating_Cooling_Simulation",
        "关联关系": [
            "Device: HeaterStatus"
        ]
    },
    {
        "组件": "Heating_Cooling_Execution_Thread",
        "对应功能": "周期性执行（周期20毫秒），根据调节命令正负启动加热或制冷动作，模拟温度变化，并更新环境温度状态；同时向HeaterStatus发送运行信号",
        "子组件": "Environment_Temperature_Maintenance",
        "关联关系": []
    },
    {
        "组件": "Ambient_Temperature_Measurement_Thread",
        "对应功能": "周期性执行，采集当前温度并添加随机误差，生成带误差的反馈值",
        "子组件": "Temperature_Measurement_Error_Addition",
        "关联关系": []
    }
]